{"name":"Respuestas","identifier":"GGLPAGXDQ0","description":null,"slotTypeValues":[{"synonyms":[{"value":"Todos los dias"},{"value":"En todo momento"},{"value":"Cada vez que lo necesito"},{"value":"Siempre lo hago"},{"value":"Todo el tiempo"},{"value":"Sin falta"},{"value":"A diario"},{"value":"Constantemente"},{"value":"Cada día"},{"value":"Claro, siempre"},{"value":"Siempre estoy disponible"},{"value":"Por supuesto, siempre"},{"value":"Cada vez"},{"value":"Si, siempre"},{"value":"Nunca dejo de hacerlo"},{"value":"Sin excepciones"},{"value":"Cada ocasión"},{"value":"Lo hago siempre"},{"value":"Todo el rato"},{"value":"Si"},{"value":"Normalmente si"}],"sampleValue":{"value":"Siempre"}},{"synonyms":[{"value":"De vez en cuando"},{"value":"No siempre"},{"value":"En ocasiones"},{"value":"Algunas veces"},{"value":"En ciertos momentos"},{"value":"Sólo a veces"},{"value":"De vez en cuando sí"},{"value":"No con frecuencia"},{"value":"A ratos"},{"value":"Depende del día"},{"value":"Sólo en ocasiones"},{"value":"Algunas veces lo hago"},{"value":"No siempre, pero sí"},{"value":"En algunas situaciones"},{"value":"Cada tanto"},{"value":"Cuando puedo"},{"value":"No muy a menudo"},{"value":"En ciertas ocasiones"},{"value":"Pocas veces"},{"value":"A veces si"}],"sampleValue":{"value":"A veces"}},{"synonyms":[{"value":"En ningún momento"},{"value":"Jamás"},{"value":"No lo hago"},{"value":"Nunca lo he hecho"},{"value":"No lo hago nunca"},{"value":"Ninguna vez"},{"value":"No nunca"},{"value":"No suele pasar"},{"value":"Nunca lo he intentado"},{"value":"No me pasa"},{"value":"Jamás lo hago"},{"value":"Nunca ocurre"},{"value":"Nunca lo he necesitado"},{"value":"No tengo esa oportunidad"},{"value":"Ni una sola vez"},{"value":"Nunca lo hago, de verdad"},{"value":"No se me da"},{"value":"Jamás lo he hecho"},{"value":"No jamás"},{"value":"No"}],"sampleValue":{"value":"Nunca"}},{"synonyms":null,"sampleValue":{"value":"Paso"}}],"parentSlotTypeSignature":null,"valueSelectionSetting":{"resolutionStrategy":"TOP_RESOLUTION","regexFilter":null}}