{"name":"IniciarEncuesta","identifier":"ERO7HD0IRH","description":"Respuesta a la pregunta sobre si empezar el cuestionario","slotTypeValues":[{"synonyms":[{"value":"Sii"},{"value":"Por supuesto"},{"value":"Adelante"},{"value":"A veces"},{"value":"Siempre"}],"sampleValue":{"value":"Si"}},{"synonyms":[{"value":"No gracias"},{"value":"Noo"},{"value":"Nunca"}],"sampleValue":{"value":"No"}}],"parentSlotTypeSignature":null,"valueSelectionSetting":{"resolutionStrategy":"TOP_RESOLUTION","regexFilter":null}}